"http://www.stltoday.com/news/local/crime-and-courts/umsl-says-reported-rape-on-campus-did-not-happen/article_c1b994ad-ea14-5d16-861e-b3935f521e95.html,"
"https://www.facebook.com/photo.php?fbid=600870773347753,"
"http://twitter.com/RyanNumber15/status/553901800370470912/photo/1,"
"http://fw.to/46VlmxL,"
"http://twitter.com/DP_Sports/status/553739560534827009/photo/1,"
"http://www.universityball.org/?p=3999,"
"http://instagram.com/p/xrPPlKwIug/,"
"http://twitter.com/comexperu/status/553717942496399360/photo/1,"
"http://virginia.247sports.com/Article/The-Primer-UVa-vs-Notre-Dame-34613300,"
"http://twitter.com/wahoovoice/status/553342662716444672/photo/1,"
"http://m.roanoke.com/sports/columns_and_blogs/blogs/andy_bitter_virginia_tech_football/as-signing-day-approaches-how-does-the-hokies-class-stack/article_7f19bf7e-980f-11e4-b7f6-b362f10b1a93.html?mode=jqm,"
"http://instagram.com/p/xrRitKsV9x/,"
"http://recsports.virginia.edu/schedules/semester_schedule.php,"
"http://twitter.com/CoachChrisIp/status/553918757614395394/photo/1,"
"http://grfx.cstv.com/photos/schools/va/sports/m-baskbl/auto_pdf/2014-15/misc_non_event/gamenotesND.pdf,"
"http://www.washingtonexaminer.com/u.va.-fraternities-accept-punishment-based-on-false-accusation/article/2558371,"
"http://twitter.com/themillieneal/status/553935506971848704/photo/1,"
"http://www.dailyprogress.com/cavalierinsider/virginia-men-s-tennis-team-adds-national-champion-altamarino/article_6ecb8ffa-9853-11e4-abdb-4f55d2bd3065.html,"
"http://www.perfectgame.org/Articles/View.aspx?article=10790,"
"http://www.dailyprogress.com/cavalierinsider/no-virginia-hits-the-road-to-face-red-hot-notre/article_8a29a2de-9856-11e4-8ff2-034025a95d02.html,"
"http://twitter.com/PostSports/status/553764444074180608/photo/1,"
"http://s.vk.nl/ar/3797413?__gda__=st=1417312790~exp=2032480790~acl=%2far%2f3797413%3f__gda__%3d%2a~hmac=5ba1d2711359f7921eb87056f5c631b73f1c27b1e7688e71dfdf66e56e44b658&utm_source=twitter&utm_medium=social&utm_content=free&utm_campaign=shared%20content,"
"http://news.virginia.edu/content/twas-year-2014-faculty-books,"
"http://twitter.com/UVA/status/553946914153299969/photo/1,"
"http://twitter.com/themillieneal/status/553956188237619200/photo/1,"
"http://twitter.com/UVA/status/553292636220825600/photo/1,"
"http://www.richmond.com/sports/college/basketball/article_df2c4cdd-894a-5d20-ab7c-a5cfcb84a9b9.html,"
"http://www.career.virginia.edu/2ndYearWeek/,"
"http://recsports.virginia.edu/schedules/dropin_schedule.php,"
"http://twitter.com/UVA_Recreation/status/553967041297022976/photo/1,"
"http://livecoverage.flowrestling.org/event/258-virginia-duals/live,"
"http://twitter.com/TiltedKiltRVA/status/553967825409560576/photo/1,"
"http://myheartbeets.com/spicy-cranberry-apple-sweet-potato-bake/,"
"http://myheartbeets.com/getting-started-real-food-diet/,"
"http://aaronampedup.blogspot.com/2015/01/virginia-faces-perhaps-stiffest.html,"
"http://twitter.com/Thomasjhealy4/status/553975655524605952/photo/1,"
"http://instagram.com/p/xrvjmuOg1e/,"
"http://www.cherrytomate.com,"
"http://tmblr.co/ZVbKYy1aK2nSx,"
"http://patdollard.com/2014/12/victim-svengali-rolling-stone-rape-hoax-author-describes-process-of-shopping-for-victims-making-them-audition-watch-video/,"
"http://twitter.com/melanie_g_hall/status/553997459316146178/photo/1,"
"http://www.trueventures.com/tec/,"
"http://virginia.scout.com/story/1500800,"
"http://mathijsbouman.nl/mathijsbouman.nl/?page_id=593,"
"http://twitter.com/WhiteysWorld365/status/554018986305015810/photo/1,"
"http://twitter.com/DP_Sports/status/553293895757725696/photo/1,"
"http://twitter.com/RyanNumber15/status/554019596748214272/photo/1,"
"http://twitter.com/WhiteysWorld365/status/554019864893857792/photo/1,"
"http://instagram.com/p/xsC34cQZOn/,"
"http://instagram.com/p/xsEGprQhS-/,"
"http://virginia.247sports.com/Article/UVa-Mike-London-close-to-completing-hirings-34586306,"
"http://charlottesville.scoutology.com/top-20-sports-bars-in-virginia/,"
"http://twitter.com/Matt_Fortuna/status/554029312647892993/photo/1,"
"http://chronicle.com/blogs/ticker/u-of-virginia-reinstates-fraternities-and-sets-new-rules-for-parties/91815,"
"http://espn.com/infiniti,"
"http://twitter.com/WhiteysWorld365/status/554035798631145472/photo/1,"
"http://twitter.com/WhiteysWorld365/status/554036934046396416/photo/1,"
"http://virginia.247sports.com/Article/Its-GAMENIGHT-No-3-UVa-vs-No-13-Notre-Dame-34624469,"
"http://twitter.com/SewardTotty/status/554040072686018561/photo/1,"
"http://sbnation.com/e/7287676,"
"http://www.AdrienneSpeaking.com,"
"http://twitter.com/adriennespeakin/status/554043140168888322/photo/1,"
"http://twitter.com/eTruthSports/status/554047151094132737/photo/1,"
"http://twitter.com/UVAMensHoops/status/554047816633708544/photo/1,"
"http://twitter.com/TastySpoonful/status/554051164015427584/photo/1,"
"http://twitter.com/Kyle_Guy24/status/554055285166604288/photo/1,"
"http://disq.us/8loqn3,"
"http://virginia.247sports.com/Board/16/Contents/Its-GAMENIGHT-No-3-UVa-vs-No-13-Notre-Dame-34624469?Page=2#M34627815,"
"http://virginia.247sports.com/Board/16/Contents/Its-GAMENIGHT-No-3-UVa-vs-No-13-Notre-Dame-34624469?Page=3#M34628493,"
"http://twitter.com/O_Fiaich/status/554063882848071680/photo/1,"
"http://virginia.247sports.com/Board/16/Contents/Its-GAMENIGHT-No-3-UVa-vs-No-13-Notre-Dame-34624469?Page=4#M34629234,"
"http://disq.us/8lor6n,"
"http://twitter.com/robertcavsfan/status/554074834075156481/photo/1,"
"http://twitter.com/neilproof110/status/554075363807330304/photo/1,"
"http://virginia.247sports.com/Board/16/Contents/Its-GAMENIGHT-No-3-UVa-vs-No-13-Notre-Dame-34624469?Page=6#M34630243,"
"http://www.richmond.com/sports/college/basketball/article_645fef6f-fa19-586c-be7e-d6679718edd5.html,"
"http://twitter.com/RTDNEWS/status/554083997111037954/photo/1,"
"http://twitter.com/dixk/status/554087276578607106/photo/1,"
"http://www.dailyprogress.com/cavalierinsider/blogs/whitey365/whitey-uva-recruit-kyle-guy-in-the-house/article_15d62094-991c-11e4-aa5b-7b688d34830e.html,"
"http://untp.beer/s/c145688063,"
"http://instagram.com/p/xsgGMClVh8/,"
"http://sbnation.com/e/7290572,"
"http://twitter.com/ARamspacher/status/554097525142331392/photo/1,"
"http://virginia.247sports.com/Article/UVa-stays-perfect-tops-Irish-62-56-34632058,"
"http://twitter.com/gowinathletics/status/554100908553142273/photo/1,"
"http://notredame.247sports.com/Article/Notre-Dame-falls-to-No-3-Virginia-34630171,"
"http://instagram.com/p/xsscgOkah0/,"
"http://instagram.com/p/xsuo5vCdjU/,"
"http://www.cavalierdaily.com/article/2015/01/mens-basketball-bests-notre-dame-62-56,"
"http://wahoowa.net/1DL9xO2,"
"http://wp.me/p5bZFJ-S,"
"http://www.dailyprogress.com/cavalierinsider/blogs/whitey365/whitey-the-nice-the-not-so-nice/article_d0df3be6-9949-11e4-bde6-ef7395b71560.html,"
"http://www.dailyprogress.com/cavalierinsider/virginia-stymies-notre-dame-improves-to/article_4ff87e0a-992d-11e4-b013-5f5dfab73b5f.html,"
"http://twitter.com/Matt_Fortuna/status/554139172337094656/photo/1,"
"http://twitter.com/eric_hobeck/status/554146746394497024/photo/1,"
"http://twitter.com/UVAGroundsCrew/status/554146746478387200/photo/1,"
"http://twitter.com/PBS_929/status/554155160176721920/photo/1,"
"http://twitter.com/PostSports/status/554097909038600193/photo/1,"
"http://www.apotheke-online-internet.de/suche/keywords/Apotheke%20in%20Berlin%20UVA URSI KOMPLEX#berlin,"
"http://twitter.com/Notdienst_Apo/status/554257460412698624/photo/1,"
"http://www.si.com/game/7207046,"
"http://recsports.virginia.edu/schedules/semester_schedule.php?currentDate=2015-01-12,"
"http://twitter.com/UVA_Recreation/status/554276623353393152/photo/1,"
"http://twitter.com/PilotSportsNow/status/552865467015393280/photo/1,"
"http://bloguin.com/thestudentsection/basketball/college-basketball-virginia-remains-unbeaten-behind-the-sweet-science-of-defense.html,"
"http://instagram.com/p/xt9gUGqY8g/,"
"http://www.paolini.net/2015/01/09/complete-grammar-ancient-language/,"
"http://instagram.com/p/xuAstNmOUY/,"
"http://instagram.com/p/xuBKSRrUOC/,"
"http://sbnation.com/e/7291838,"
"http://twitter.com/Minsa_Peru/status/554309093843030017/photo/1,"
"http://www.wnd.com/2014/10/female-gym-teacher-rapes-boy-30-times/,"
"http://twitter.com/KimberlyDiaz1/status/554309709428453377/photo/1,"
"http://instagram.com/p/xuE0pasusn/,"
"http://www.kpisports.net/?p=21,"
"http://www.examiner.com/article/colorado-teacher-gave-ex-student-love-letters-emails-during-relationship,"
"http://news.virginia.edu/content/rotunda-work-uncovers-clues-its-history,"
"http://twitter.com/UVA/status/554314505338253314/photo/1,"
"http://virginia.247sports.com/Bolt/No-3-UVa-accepted-Tony-Bennetts-halftime-challenge-34640355,"
"http://mic.com/articles/102318/rape-is-rape-even-when-the-teacher-is-a-woman,"
"http://virginia.247sports.com/Board/16/Contents/This-halftime-tweet-probably-rings-true-this-morning-as-well--34640627,"
"http://its.virginia.edu/wireless/upgrade.html,"
"http://twitter.com/UVaITS/status/552117388926550016/photo/1,"
"http://www.dailyprogress.com/cavalierinsider/freshmen-stepping-up-for-cavalier-women/article_117c19f2-9923-11e4-b245-632d53d30811.html,"
"http://twitter.com/DIF_Saltillo/status/554325546881286144/photo/1,"
"http://instagram.com/p/xuQuHlS7OH/,"
"http://www.olbg.com/blogs/post.php?id=408431,"
"http://virginia.247sports.com/Board/16/Contents/Can-someone-explain-whats-going-on-in-this-picture--34642727,"
"http://instagram.com/p/xuWsD0nj__/,"
"http://tmblr.co/ZsyH9m1aMXIoZ,"
"https://www.facebook.com/photo.php?fbid=794648590570286,"
"http://twitter.com/camicanova/status/554359176412274689/photo/1,"
"http://www.livescience.com/49348-will-people-ever-trust-e-signatures.html,"
"http://twitter.com/lambethfield/status/554372213529640960/photo/1,"
"http://twitter.com/TheUVAFool/status/554379404563202049/photo/1,"
"http://twitter.com/wahoovoice/status/554379273801580544/photo/1,"
"http://tmblr.co/ZVbKYy1aR1WC_,"
"http://www.career.virginia.edu/mock,"
"http://virginia.sportswar.com/article/2013/06/07/lambeth-virginias-father-of-athletics/,"
"http://instagram.com/p/xu4LbzGTUD/,"
"http://instagram.com/p/xvGYvqPOi-/,"
"http://notredame.247sports.com/Article/Jennings-Receives-Pot-Of-Gold-From-Notre-Dame-34621938,"
"http://kenpom.com,"
"http://kenpom.com/,"
"http://instagram.com/p/xvOROEh9T5/,"
"http://instagram.com/p/xvP7DQzLU5/,"
"http://twitter.com/MattJConnolly/status/554476459449155584/photo/1,"
"http://virginia.scout.com/story/1500591,"
"http://wahoowa.net/1waDN3v,"
"http://twitter.com/UVa_Football/status/544566556882382851/photo/1,"
"http://instagram.com/p/xvUJjDQR7_/,"
"http://instagram.com/p/xvW3HqpZ39/,"
"http://instagram.com/p/xvawZ6vgPP/,"
"http://twitter.com/dcwahoo/status/554505687775313920/photo/1,"
"http://patdollard.com/2014/12/here-are-eight-campus-rape-hoaxes-eerily-like-the-uva-rape-story/,"
"http://www.examiner.com/article/slavery-at-the-university-of-virginia-reception-film-and-panel-discussion,"
"http://www.zefhemel.nl,"
"http://twitter.com/NAVAEHBAND/status/554565544041807872/photo/1,"
"http://www.elsol.com.ar/nota/225095/provincia/nunca-hemos-vivido-una-crisis-tan-grave-como-estardquo.html,"
"http://instagram.com/p/qe-cn6BI65/,"
"http://instagram.com/p/xwB_XUxfEB/,"
"http://twitter.com/PataRussa/status/549533378526330882/photo/1,"
"http://sobralonline.blogspot.com/2015/01/fim-da-greve-professores-da-uece-uva-e.html?spref=fb,"
"http://twitter.com/helianaq/status/553525036293050368/photo/1,"
"http://comunicacion.uva.es/export/sites/comunicacion/32b8afd1-97fa-11e4-b10e-d59857eb090a/,"
"http://virginia.247sports.com/Article/Done-deals-The-latest-on-the-UVa-assistant-search-34661560,"
"http://instagram.com/p/xwM8arBPSU/,"
"http://twitter.com/dharriscivil/status/554609326179221504/photo/1,"
"http://www.geenstijl.nl/mt/archieven/2015/01/vu_jodenvrij.html,"
"http://www.wdrb.com/story/27823545/bozich-my-weekly-ap-college-basketball-top-25-ballot#WNPoll144834,"
"http://twitter.com/ben2U/status/554624556644958208/photo/1,"
"http://www.dailyprogress.com/cavalierinsider/wilkins-provides-a-lift-for-bennett-s-bunch/article_89a50264-99e5-11e4-8e49-97bef2816cbc.html,"
"http://www.dailyprogress.com/cavalierinsider/uva-commitment-guy-in-attendance-for-notre-dame-win/article_f3eb6dce-99e6-11e4-9eb1-23e3212f947d.html,"
"http://wp.me/p3dZAE-B0,"
"http://recsports.virginia.edu/im-sports-jobs,"
"http://sbnation.com/e/7292614,"
"http://twitter.com/BSchwartzUVA/status/554633915848474624/photo/1,"
"http://twitter.com/TheUVAFool/status/554633918004350980/photo/1,"
"http://dailypress.feedsportal.com/c/34257/f/657936/s/42366589/sc/7/l/0L0Sdailypress0N0Csports0Cdp0Espt0Ewm0Ewomen0Ehoops0Ejmu0E20A150A1110Estory0Bhtml0Dtrack0Frss/story01.htm,"
"http://instagram.com/p/xwbAG5H5dR/,"
"http://virginia.247sports.com/Bolt/Gottlieb-Katz-high-on-UVa-34663279,"
"http://twitter.com/UVaDeanJ/status/554646813203234818/photo/1,"
"http://rvls.co/14Pkvpu,"
"http://promo.espn.go.com/espn/contests/infiniti/2015/index?next=submit&confirmed=true&skipped=true&medium=mobile&coachId=5453f07eccddb00200fc3ce7,"
"http://www.alexandrabeeblog.com/2015/01/chicken-with-creamy-mushrooms.html,"
"http://promo.espn.go.com/espn/contests/infiniti/2015/index?next=home,"
"http://sbnation.com/e/7293240,"
"http://twitter.com/cwdarney/status/554654063229681664/photo/1,"
"http://twitter.com/TheUVAFool/status/554654066027282432/photo/1,"
"http://www.richmond.com/news/local/education/article_64a17219-25a6-5570-bf1f-1d3ada731796.html,"
"http://twitter.com/RTDNEWS/status/551743640566259713/photo/1,"
"http://www.cavalierdaily.com/m/article/2015/01/university-reinstated-phi-kappa-psi-after-police-investigation-shows-little-evidence,"
"http://www.dailyprogress.com/news/phi-kappa-psi-reinstated-at-uva/article_ec142a4a-9a69-11e4-b913-e3b52073b09c.html,"
"http://www.verema.com/blog/verema/1203613-clasificacion-variedades-uva-por-color-sus-vinos,"
"http://twitter.com/Verema/status/554662981519568896/photo/1,"
"http://www.dailyprogress.com/cavalierinsider/freshman-wilkins-provides-a-lift-for-bennett-s-bunch/article_89a50264-99e5-11e4-8e49-97bef2816cbc.html,"
"http://shout.lt/RmC2,"
"http://sbnation.com/e/7295556,"
"http://instagram.com/p/xwsvchq5FI/,"
"http://www.businessinsider.com/police-investigation-clears-uva-phi-psi-fraternity-2015-1,"
"http://www.delmarvanow.com/story/news/nation/2015/01/12/uva-phi-kappa-psi-fraternity-reinstated/21635393/,"
"http://instagram.com/p/xwycVKPAgP/,"
"http://sbnation.com/e/7295202,"
"http://twitter.com/TheUVAFool/status/554701049458880512/photo/1,"
"http://www.richmond.com/sports/college/basketball/men/article_e726860e-6f7f-5f47-958c-a54d9055a7da.html,"
"http://twitter.com/BSchwartzUVA/status/554701047701463040/photo/1,"
"http://collegebasketball.ap.org/poll-voter/marcus-jackson,"
"http://twitter.com/AP_Top25/status/554709413563744258/photo/1,"
"http://shout.lt/Rn9B,"
"http://news.yahoo.com/uva-fraternity-heart-rolling-stone-article-reinstated-154537657.html?soc_src=mediacontentstory&soc_trk=tw,"
"http://shout.lt/Rn9z,"
"http://twitter.com/BSchwartzUVA/status/554711554672054273/photo/1,"
"http://wahoowa.net/1wPvAhH,"
"http://www.dailyprogress.com/cavalierinsider/virginia-basketball-team-gets-first-place-votes-moves-to-no/article_871900f4-9a7b-11e4-a210-b3fd86ea6d63.html,"
"http://virginia.sportswar.com/wahoowa/fans-of-the-week/,"
"http://twitter.com/thesabre/status/554702299629879296/photo/1,"
"http://www.victormondragon.com/2015/01/estabilidad-en-el-comercio-mundial-de.html,"
"http://twitter.com/UVA/status/554674271742873600/photo/1,"
"http://comunicacion.uva.es/export/sites/comunicacion/dadf7029-9a68-11e4-b10e-d59857eb090a/,"
"http://virginia.247sports.com/Board/16/Contents/UVa-moves-up-in-the-polls-receives-first-place-votes-34669694#M34672521,"
"http://www.atouchofteal.com/cold-weather-must-haves/,"
"http://twitter.com/MattTalhelm/status/554749180036800512/photo/1,"
"http://virginia.247sports.com/Bolt/Big-weekend-for-UVa-2016-commits-34675107,"
"http://twitchy.com/2015/01/12/rolling-stone-should-pay-police-investigation-finds-no-substantive-basis-to-uva-rape-story/,"
"http://nbcnews.to/1DPKvNF,"
"http://news.virginia.edu/content/uva-home-5-percent-nation-s-most-influential-education-scholars,"
"http://ace.mu.nu/archives/354307.php,"
"http://twitter.com/stadi2_/status/554760957642412033/photo/1,"
"http://instagram.com/p/xxSIg8xhAC/,"
"http://www.cavalierdaily.com/article/2015/01/breaking-the-glass-ceiling,"
"http://espn.go.com/mens-college-basketball/rankings/_/year/2015/poll/1,"
"http://www.cavalierdaily.com/m/article/2015/01/breaking-the-glass-ceiling?_h=50bc1420-a17c-4d21-9933-aa264c185c95,"
"http://ift.tt/1BdYQE9,"
"http://twitter.com/TeresaDowelVest/status/554778439983833088/photo/1,"
"http://www.menschenswetter.de/editorial_articles/show/1160/vitamin-d-mangel-nicht-im-solarium-therapieren,"
"http://www.myfoxdc.com/story/27827244/uva-fraternity-at-heart-of-rolling-stone-article-reinstated,"
"http://fw.to/sWwmqyB,"
"http://twitter.com/DP_Sports/status/554787046393663488/photo/1,"
"http://wp.me/p52kEg-7G,"
"http://virginia.247sports.com/Bolt/Virginia-offers-2016-four-star-post-player-34680256,"
"http://twitter.com/anakenawinesmed/status/554800233113452544/photo/1,"
"http://twitter.com/wespeak4him/status/554800373807198210/photo/1,"
"http://allsportsdiscussion.com/2015/01/12/articles-from-around-the-acc-blogosphere-january-12-2015/,"
"http://twitter.com/DavidTeelatDP/status/554661448832790528/photo/1,"
"http://www.rightnow.io/breaking-news/uva_bn_1421102183822.html,"
"http://www.godanskermom.com/2015/01/11/accidentally-starting-business-life-entrepreneur/,"
"http://scouthoops.scout.com/a.z?s=75&p=8&c=1&nid=7475989,"
"http://www.nbc29.com/story/27831129/wahoos-up-to-2-in-the-ap-poll,"
"http://www.ijreview.com/2015/01/231402-uva-fraternity-reinstated-police-investigation/,"
"http://instagram.com/p/xxsKXcjfH1/,"
"http://twitter.com/ThorpeTJ/status/552254635474702336/photo/1,"
"http://virginia.247sports.com/Board/16/Contents/Kyle-Guy--34684752,"
"http://www.washingtonpost.com/local/education/phi-kappa-psi-fraternity-reinstated-at-university-of-virginia/2015/01/12/1b6ddd50-9a69-11e4-96cc-e858eba91ced_story.html?tid=pm_local_pop,"
"http://twitter.com/BeerLamp/status/554833277211926528/photo/1,"
"http://coachingsearch.com/coaching-search-ticker,"
"http://www.youtube.com/watch?v=5U&feature=youtu.be,"
"http://dummies.com/how-to/content/preparing-for-a-case-interview.html,"
"http://virginia.247sports.com/Bolt/Report-Dave-Borbely-to-return-to-UVa-34689267,"
"http://www.huffingtonpost.com/2015/01/12/uva-phi-kappa-psi_n_6456266.html?ncid=tweetlnkushpmg00000067,"
"http://CoachingSearch.com,"
"http://instagram.com/p/xx5_g9vF8A/,"
"http://feeds.feedburner.com/~r/hihid/~3/dKgDgQZS78c/?utm_source=feedburner&utm_medium=twitter&utm_campaign=hihidco,"
"http://virginia.247sports.com/Reply/Jamie-Oakes-Reply-34690924,"
"http://www.pbs.org/newshour/rundown/uva-reinstates-frat-rape-investigation/,"
"http://www.dailyprogress.com/cavalierinsider/uva-assistant-coaches-sign-one-year-deals-for-season/article_dff44d74-9aca-11e4-9688-e38fadfbb9af.html,"
"http://instagram.com/p/xyEs0SLDzt/,"
"http://www.dailymail.co.uk/news/article-2906842/UVa-Fraternity-heart-Rolling-Stone-article-reinstated.html,"
"http://www.cnn.com/2015/01/13/us/uva-fraternity-reinstated/index.html,"
"http://twitter.com/uvathefilm/status/542248000496476160/photo/1,"
"http://instagram.com/p/xyT0t8pgYw/,"
"http://uba.uva.nl/actueel/agenda/item/rdm-introductie-21-jan-2015.html,"
"http://dailycaller.com/2015/01/12/uva-phi-psi-chapter-submits-to-new-safety-rules-based-on-crime-they-didnt-commit/,"
"http://twitter.com/themillieneal/status/554917983537991680/photo/1,"
"http://kcy.me/1fr5z,"
"http://instagram.com/p/xyd62joMRH/,"
"http://www.vinopack.es/las-12-vinotecas-mas-increibles-de-espana-y-portugal,"
"http://twitter.com/BrandNBuzz/status/554946943906902016/photo/1,"
"http://twitter.com/vivianfdez/status/554952269381533696/photo/1,"
"http://twitter.com/LoggiaGloria/status/554953341500129280/photo/1,"
"http://twitter.com/LoggiaGloria/status/554953348177494016/photo/1,"
"http://thecolombopost.net/?p=8724,"
"http://www.aol.com/article/2015/01/12/uva-fraternity-phi-kappa-psi-reinstated-cleared-of-gang-rape/21128507/,"
"http://www.cbsnews.com/news/uva-announces-new-rules-for-fraternity-parties/,"
"http://virginia.247sports.com/Article/The-Primer-No-2-UVa-vs-Clemson--34700633,"
"http://abcnews.go.com/US/wireStory/uva-fraternity-heart-rolling-stone-article-reinstated-28168221,"
"http://jezebel.com/uva-dean-admits-school-doesnt-expel-people-who-have-adm-1662615787,"
"http://www.pearltrees.com/t/freedom-choice/humanities-gesprek-13jan2014/id13411622#item134650744,"
"http://www.napnieuws.nl/2015/01/12/hervormingsplannen-geesteswetenschappen-uva-ingediend/,"
"http://twitter.com/TiltedKiltRVA/status/554982506425225216/photo/1,"
"http://abcnews.go.com/US/uvas-greek-conduct-rules-lack-enforcement-provisions/story?id=28151314,"
"http://www.news.virginia.edu/content/increase-first-generation-students-highlights-applicant-pool-class-2019,"
"http://rvls.co/1z5hJtr,"
"http://www.dailyprogress.com/cavalierinsider/second-ranked-cavaliers-prepare-for-acc-battle-against-tigers/article_411c7f4e-9aae-11e4-b081-bfdcf6cf33f1.html,"
"http://www.washingtonpost.com/national/higher-education/uva-fraternity-at-heart-of-rolling-stone-article-reinstated/2015/01/12/96f0be62-9a72-11e4-86a3-1b56f64925f6_story.html,"
"http://recsports.virginia.edu/group-exercise,"
"http://twitter.com/UVA_Recreation/status/554993870845800448/photo/1,"
"http://uci.strikingly.com,"
"http://www.pearltrees.com/t/freedom-choice/humanities-gesprek-13jan2014/id13411622#item134663797,"
"http://www.ijreview.com/2015/01/231402-uva-fraternity-reinstated-police-investigation/?utm_source=facebook,"
"http://indy.st/1BUKQzi,"
"http://cjky.it/1xWWkRz,"
"http://www.foliaweb.nl/wp-content/uploads/2015/01/Openingsrede-dies-natalis-2015.pdf,"
"http://www.foliaweb.nl/organisatie/bildung-geen-spielerei-van-dooie-duitse-denkers/,"
"http://sbnation.com/e/7301026,"
"http://wp.me/p52kEg-7K,"
"http://instagram.com/p/xzLwGoQoi6/,"
"http://buff.ly/1wUGdjy,"
"http://twitter.com/pldturkiye/status/555029531812462592/photo/1,"
"http://twitter.com/ODOSMarketing/status/555029660409815041/photo/1,"
"http://buff.ly/1BXhCjf,"
"http://twitter.com/pldturkiye/status/555030285231063041/photo/1,"
"http://charlottesville.scoutology.com/15-cville-restaurants-with-a-fireplace/,"
"http://instagram.com/p/xzM6suQolC/,"
"http://www.uva.nl/over-de-uva/werken-bij-de-uva/vacatures/content/2014/12/14-403.html,"
"http://twitter.com/enociencia/status/555008819613663232/photo/1,"
"http://espn.go.com/mens-college-basketball/powerrankings,"
"http://twitter.com/Yoffe_Chargers/status/548934589528281088/photo/1,"
"http://wahoowa.net/1x7SowV,"
"http://twitter.com/UVa_Football/status/548554665609027584/photo/1,"
"http://twitter.com/UVa_Football/status/546535489399193600/photo/1,"
"http://twitter.com/UVa_Football/status/545680239758950400/photo/1,"
"http://virginia.sportswar.com/article/2015/01/13/sean-singletary-basketball-ball-screen-defense/,"
"http://twitter.com/thesabre/status/555032650235535360/photo/1,"
"http://virginia.scout.com/story/1501632,"
"http://smarturl.it/etmmlk,"
"http://twitter.com/UVa_LifetimeLrn/status/555041492046471169/photo/1,"
"http://twitter.com/cavalierdaily/status/552184942709735424/photo/1,"
"http://ht.ly/HfPLi,"
"http://ht.ly/HfPLl,"
"http://www.nytimes.com/2014/01/28/business/media/california-denies-scorned-journalist-stephen-glass-right-to-practice-law.html?_r=1,"
"http://virginia.247sports.com/Article/Kyle-Guy-talks-UVa-win-role-as-recruiter-34708090,"
"http://sbnation.com/e/7301984,"
"http://instagram.com/p/vjT9dhm2vh/?modal=true,"
"http://charlottesville.scoutology.com/top-10-healthy-options-in-cville/,"
"http://charlottesville.scoutology.com/10-great-ethnic-restaurants-to-try-in-cville/,"
"http://beer.scoutology.com/top-15-beer-lists-in-cville/,"
"http://charlottesville.scoutology.com/11-cville-businesses-you-must-try/,"
"http://buff.ly/1IrwYi0,"
"http://twitter.com/CavDailyPhoto/status/555053356788764672/photo/1,"
"http://twitter.com/dharriscivil/status/555053573013528577/photo/1,"
"http://twitter.com/DP_Sports/status/555054228490551296/photo/1,"
"http://twitter.com/ODOSMarketing/status/555055428133195776/photo/1,"
"http://www.reuters.com/article/2015/01/12/us-column-weston-myths-idUSKBN0KL26X20150112,"
"http://cnn.it/1IGHu37,"
"http://www.cnn.com/2015/01/13/us/uva-fraternity-reinstated/,"
"http://www.nytimes.com/2015/01/13/us/uva-fraternity-reinstated-after-rolling-stone-article-on-rape.html?ref=education,"
"http://instagram.com/p/xzagltLMW7/,"
"http://virginia.247sports.com/Bolt/Report-UVa-lands-Chris-Beatty--34710547,"
"http://instagram.com/p/xza4itFQeA/,"
"http://virginia.247sports.com/Board/16/Contents/UVa-lands-Chris-Beatty--34710547#M34710964,"
"http://twitter.com/DNeckel19/status/555065607742578691/photo/1,"
"http://antiossidanti-naturali-ginseng-te-verde-resveratrolo.com/picnogenolo-citossico-contro-tumori-antiossidante-efficace-radicali-liberi-antiinfiammatorio-antiallergico-antitumorale.html,"
"http://twitter.com/Life_120/status/555065633550135296/photo/1,"
"http://www.dailyprogress.com/cavalierinsider/reports-uva-fills-coaching-vacancies/article_8131f88a-9b4d-11e4-896a-4b591d02fe4f.html#.VLVjbKAYmNc.twitter,"
"http://poetsandquants.com/2015/01/08/mckinsey-partner-chosen-as-new-darden-dean?hootPostID=78519311400980b8c7aa2b5cccb694fa,"
"http://poetsandquants.com/2015/01/08/mckinsey-partner-chosen-as-new-darden-dean?hootPostID=bfd1ff6a6a130d48d12946455d5cb727,"
"http://poetsandquants.com/2015/01/08/mckinsey-partner-chosen-as-new-darden-dean?hootPostID=442f6b840ad0407b7b187dfb2e560db5,"
"http://www.streakingthelawn.com/football/2015/1/13/7538507/report-virginia-to-hire-wisconsins-chris-beatty,"
"http://twitter.com/TheUVAFool/status/555070532023230464/photo/1,"
"http://instagram.com/p/xzgJi3MHQs/,"
"http://twitter.com/ccaminhosgerais/status/555075786378842112/photo/1,"
"http://aaronampedup.blogspot.com,"
"http://charlottesville.scoutology.com/15-hearty-cville-dishes-to-try-this-winter/,"
"http://www.bluejeanne.com/flare-affair/,"
"http://www.popsci.com/ask-us-anything-can-body-fat-protect-you-built-cushion,"
"http://v2.amorfart.com/irony-x-frank-styles-south-shields-uk/,"
"http://instagram.com/p/xzksgNNDDW/,"
"http://theothermccain.com/2015/01/13/uva-fraternity-cleared-by-police-but-fraternities-are-punished-anyway/#.VLVztF2tX5A.twitter,"
"http://www.batten.virginia.edu/battencalendar,"
"http://twitter.com/UVaBatten/status/555087848341508096/photo/1,"
"http://virginia.247sports.com/Board/16/Contents/Caught-up-with-Gary-Jennings--34714348,"
"https://www.facebook.com/photo.php?fbid=10201929499239308,"
"http://twitter.com/RVADoubleHoo/status/555090028821753856/photo/1,"
"http://instagram.com/p/xzocfsIEWR/,"
"http://instagram.com/p/xzIUZalxkm/,"
